<!--

     Copyright 2016 Electric Cloud, Inc.

     Licensed under the Apache License, Version 2.0 (the "License");
     you may not use this file except in compliance with the License.
     You may obtain a copy of the License at

         http://www.apache.org/licenses/LICENSE-2.0

     Unless required by applicable law or agreed to in writing, software
     distributed under the License is distributed on an "AS IS" BASIS,
     WITHOUT WARRANTIES OR CONDITIONS OF ANY KIND, either express or implied.
     See the License for the specific language governing permissions and
     limitations under the License.

-->
<editor>
    <formElement>
        <type>entry</type>
        <label>Service Name:</label>
        <property>serviceName</property>
        <required>0</required>
        <documentation>The name of the service in Deploy that encapsulates the service to be deployed on the Kubernetes cluster.</documentation>
    </formElement>
    <formElement>
        <type>entry</type>
        <label>Service Project Name:</label>
        <property>serviceProjectName</property>
        <required>0</required>
        <documentation>The name of the project that the service belongs to.</documentation>
    </formElement>
    <formElement>
        <type>entry</type>
        <label>Application Name:</label>
        <property>applicationName</property>
        <required>0</required>
        <documentation>The name of the application that the service belongs to. Not applicable for a top-level service.</documentation>
    </formElement>
    <formElement>
        <type>entry</type>
        <label>Application Project Name:</label>
        <property>applicationProjectName</property>
        <required>0</required>
        <documentation>The name of the project that the application belongs to. Not applicable for a top-level service.</documentation>
    </formElement>

    <formElement>
        <type>entry</type>
        <label>LoadBalancer IP:</label>
        <property>loadBalancerIP</property>
        <required>0</required>
        <documentation>IP to use for the load balancer for 'LoadBalancer' service type.</documentation>
    </formElement>

    <formElement>
        <type>entry</type>
        <label>LoadBalancer Source Ranges:</label>
        <property>loadBalancerSourceRanges</property>
        <required>0</required>
        <documentation>Comma-separated list of IP CIDR ranges to specify the IP ranges that are allowed to access the load balancer.</documentation>
    </formElement>

    <formElement>
        <type>checkbox</type>
        <label>Enable Client-IP based Session Affinity?</label>
        <property>sessionAffinity</property>
        <required>0</required>
        <checkedValue>ClientIP</checkedValue>
        <uncheckedValue>None</uncheckedValue>
        <initiallyChecked>0</initiallyChecked>
        <documentation>Whether to enable client-IP based session affinity. Defaults to round robin if not checked.</documentation>
    </formElement>

    <!--Not needed for the demo. To be considered post demo.
    <formElement>
        <type>textarea</type>
        <label>Additional Service Attributes:</label>
        <property>additionalServiceAttributes</property>
        <required>0</required>
        <documentation>Pass-through attributes for the service in JSON format. Supports service attributes defined in http://kubernetes.io/docs/api-reference/v1/definitions/#_v1_service.</documentation>
    </formElement>

    <formElement>
        <type>textarea</type>
        <label>Additional Pod Attributes:</label>
        <property>additionalPodAttributes</property>
        <required>0</required>
        <documentation>Pass-through attributes for the service pods in JSON format. Supports pod attributes defined in http://kubernetes.io/docs/api-reference/v1/definitions/#_v1_pod.</documentation>
    </formElement>
-->
</editor>
