<!--

     Copyright 2016 Electric Cloud, Inc.

     Licensed under the Apache License, Version 2.0 (the "License");
     you may not use this file except in compliance with the License.
     You may obtain a copy of the License at

         http://www.apache.org/licenses/LICENSE-2.0

     Unless required by applicable law or agreed to in writing, software
     distributed under the License is distributed on an "AS IS" BASIS,
     WITHOUT WARRANTIES OR CONDITIONS OF ANY KIND, either express or implied.
     See the License for the specific language governing permissions and
     limitations under the License.

-->
<editor>
    <formElement>
        <type>entry</type>
        <label>Configuration:</label>
        <property>config</property>
        <required>1</required>
        <documentation>Name of existing configuration which holds the authentication details for Kubernetes Cluster</documentation>
    </formElement>
        <formElement>
        <type>entry</type>
        <label>URI:</label>
        <property>resourceUri</property>
        <required>1</required>
        <documentation>The URI for the API for creating the resource</documentation>
    </formElement>
    <formElement>
        <type>select</type>
        <label>Request Format</label>
        <property>requestFormat</property>
        <required>1</required>
        <option>
            <name>JSON</name>
            <value>json</value>
        </option>
        <option>
            <name>YAML</name>
            <value>yaml</value>
        </option>
        <documentation>The request body format</documentation>
    </formElement>
    <formElement>
        <type>textarea</type>
        <label>Request body:</label>
        <property>resourceData</property>
        <required>0</required>
        <documentation>The request body in JSON or YAML format.</documentation>
    </formElement>
</editor>