<?xml version="1.0" encoding="UTF-8"?>
<ivy-module version="2.0" xmlns:m="http://ant.apache.org/ivy/maven">
	<info organisation="net.sf.ezmorph"
		module="ezmorph"
		revision="1.0.6"
		status="release"
		publication="20081226045237"
	>
		<license name="The Apache Software License, Version 2.0" url="http://www.apache.org/licenses/LICENSE-2.0.txt" />
		<description homepage="http://ezmorph.sourceforge.net">
		Simple java library for transforming an Object to another Object.
		</description>
		<m:maven.plugins>null__maven-compiler-plugin__null|org.apache.maven.plugins__maven-site-plugin__null|org.apache.maven.plugins__maven-surefire-plugin__null</m:maven.plugins>
	</info>
	<configurations>
		<conf name="default" visibility="public" description="runtime dependencies and master artifact can be used with this conf" extends="runtime,master"/>
		<conf name="master" visibility="public" description="contains only the artifact published by this module itself, with no transitive dependencies"/>
		<conf name="compile" visibility="public" description="this is the default scope, used if none is specified. Compile dependencies are available in all classpaths."/>
		<conf name="provided" visibility="public" description="this is much like compile, but indicates you expect the JDK or a container to provide it. It is only available on the compilation classpath, and is not transitive."/>
		<conf name="runtime" visibility="public" description="this scope indicates that the dependency is not required for compilation, but is for execution. It is in the runtime and test classpaths, but not the compile classpath." extends="compile"/>
		<conf name="test" visibility="private" description="this scope indicates that the dependency is not required for normal use of the application, and is only available for the test compilation and execution phases." extends="runtime"/>
		<conf name="system" visibility="public" description="this scope is similar to provided except that you have to provide the JAR which contains it explicitly. The artifact is always available and is not looked up in a repository."/>
		<conf name="sources" visibility="public" description="this configuration contains the source artifact of this module, if any."/>
		<conf name="javadoc" visibility="public" description="this configuration contains the javadoc artifact of this module, if any."/>
		<conf name="optional" visibility="public" description="contains all optional dependencies"/>
	</configurations>
	<publications>
		<artifact name="ezmorph" type="jar" ext="jar" conf="master"/>
		<artifact name="ezmorph" type="source" ext="jar" conf="sources" m:classifier="sources"/>
		<artifact name="ezmorph" type="javadoc" ext="jar" conf="javadoc" m:classifier="javadoc"/>
	</publications>
	<dependencies>
		<dependency org="junit" name="junit" rev="3.8.2" force="true" conf="optional->compile(*),master(*)"/>
		<dependency org="commons-lang" name="commons-lang" rev="2.3" force="true" conf="compile->compile(*),master(*);runtime->runtime(*)"/>
		<dependency org="commons-beanutils" name="commons-beanutils" rev="1.7.0" force="true" conf="optional->compile(*),master(*)"/>
		<dependency org="commons-logging" name="commons-logging" rev="1.1" force="true" conf="optional->compile(*),master(*)">
			<exclude org="log4j" module="log4j" name="*" type="*" ext="*" conf="" matcher="exact"/>
			<exclude org="logkit" module="logkit" name="*" type="*" ext="*" conf="" matcher="exact"/>
			<exclude org="avalon-framework" module="avalon-framework" name="*" type="*" ext="*" conf="" matcher="exact"/>
			<exclude org="javax.servlet" module="servlet-api" name="*" type="*" ext="*" conf="" matcher="exact"/>
		</dependency>
		<dependency org="log4j" name="log4j" rev="1.2.14" force="true" conf="optional->compile(*),provided(*),master(*)"/>
	</dependencies>
</ivy-module>
