<?xml version="1.0" encoding="UTF-8"?>
<ivy-module version="2.0" xmlns:m="http://ant.apache.org/ivy/maven">
	<info organisation="net.sf.json-lib" module="json-lib" revision="2.3" status="release" publication="20090712041040">
		<license name="The Apache Software License, Version 2.0" url="http://www.apache.org/licenses/LICENSE-2.0.txt"/>
		<description homepage="http://json-lib.sourceforge.net">
		Java library for transforming beans, maps, collections, java
      arrays and XML to JSON.
		</description>
		<m:maven.plugins>null__maven-compiler-plugin__null|org.apache.maven.plugins__maven-site-plugin__null|org.apache.maven.plugins__maven-surefire-plugin__2.3|org.codehaus.groovy.maven__gmaven-plugin__1.0-rc-3</m:maven.plugins>
	</info>
	<configurations>
		<conf name="default" visibility="public" description="runtime dependencies and master artifact can be used with this conf" extends="runtime,master"/>
		<conf name="master" visibility="public" description="contains only the artifact published by this module itself, with no transitive dependencies"/>
		<conf name="compile" visibility="public" description="this is the default scope, used if none is specified. Compile dependencies are available in all classpaths."/>
		<conf name="provided" visibility="public" description="this is much like compile, but indicates you expect the JDK or a container to provide it. It is only available on the compilation classpath, and is not transitive."/>
		<conf name="runtime" visibility="public" description="this scope indicates that the dependency is not required for compilation, but is for execution. It is in the runtime and test classpaths, but not the compile classpath." extends="compile"/>
		<conf name="test" visibility="private" description="this scope indicates that the dependency is not required for normal use of the application, and is only available for the test compilation and execution phases." extends="runtime"/>
		<conf name="system" visibility="public" description="this scope is similar to provided except that you have to provide the JAR which contains it explicitly. The artifact is always available and is not looked up in a repository."/>
		<conf name="sources" visibility="public" description="this configuration contains the source artifact of this module, if any."/>
		<conf name="javadoc" visibility="public" description="this configuration contains the javadoc artifact of this module, if any."/>
		<conf name="optional" visibility="public" description="contains all optional dependencies"/>
	</configurations>
	<publications>
		<artifact name="json-lib" type="jar" ext="jar" conf="master"/>
	</publications>
	<dependencies>
		<dependency org="junit" name="junit" rev="3.8.2" force="true" conf="optional->compile(*),master(*)"/>
		<dependency org="xmlunit" name="xmlunit" rev="1.0" force="true" conf="test->runtime(*),master(*)"/>
		<dependency org="commons-beanutils" name="commons-beanutils" rev="1.8.0" force="true" conf="compile->compile(*),master(*);runtime->runtime(*)"/>
		<dependency org="commons-collections" name="commons-collections" rev="3.2.1" force="true" conf="compile->compile(*),master(*);runtime->runtime(*)"/>
		<dependency org="commons-lang" name="commons-lang" rev="2.4" force="true" conf="compile->compile(*),master(*);runtime->runtime(*)"/>
		<dependency org="commons-logging" name="commons-logging" rev="1.1.1" force="true" conf="compile->compile(*),master(*);runtime->runtime(*)">
			<exclude org="log4j" module="log4j" name="*" type="*" ext="*" conf="" matcher="exact"/>
			<exclude org="logkit" module="logkit" name="*" type="*" ext="*" conf="" matcher="exact"/>
			<exclude org="avalon-framework" module="avalon-framework" name="*" type="*" ext="*" conf="" matcher="exact"/>
			<exclude org="javax.servlet" module="servlet-api" name="*" type="*" ext="*" conf="" matcher="exact"/>
		</dependency>
		<dependency org="xom" name="xom" rev="1.1" force="true" conf="optional->compile(*),master(*)"/>
		<dependency org="oro" name="oro" rev="2.0.8" force="true" conf="optional->compile(*),master(*)"/>
		<dependency org="net.sf.ezmorph" name="ezmorph" rev="1.0.6" force="true" conf="compile->compile(*),master(*);runtime->runtime(*)"/>
		<dependency org="log4j" name="log4j" rev="1.2.14" force="true" conf="optional->compile(*),provided(*),master(*)"/>
		<dependency org="org.codehaus.groovy" name="groovy-all" rev="1.5.7" force="true" conf="optional->compile(*),master(*)"/>
		<dependency org="org.jruby" name="jruby" rev="1.1" force="true" conf="optional->compile(*),master(*)"/>
		<dependency org="commons-httpclient" name="commons-httpclient" rev="3.1" force="true" conf="test->runtime(*),master(*)"/>
	</dependencies>
</ivy-module>
