<!--

     Copyright 2016 Electric Cloud, Inc.

     Licensed under the Apache License, Version 2.0 (the "License");
     you may not use this file except in compliance with the License.
     You may obtain a copy of the License at

         http://www.apache.org/licenses/LICENSE-2.0

     Unless required by applicable law or agreed to in writing, software
     distributed under the License is distributed on an "AS IS" BASIS,
     WITHOUT WARRANTIES OR CONDITIONS OF ANY KIND, either express or implied.
     See the License for the specific language governing permissions and
     limitations under the License.

-->
<editor>
    <formElement>
        <type>entry</type>
        <label>Configuration:</label>
        <property>config</property>
        <required>1</required>
        <documentation>Unique name for the plugin configuration.</documentation>
    </formElement>
    <formElement>
        <type>entry</type>
        <label>Description:</label>
        <property>desc</property>
        <required>0</required>
        <documentation>Description for the plugin configuration.</documentation>
    </formElement>
    <formElement>
        <type>credential</type>
        <label>Bearer Token of Kubernetes Cluster:</label>
        <property>credential</property>
        <required>1</required>
        <credentialType>key</credentialType>
        <documentation>The bearer token related to a serviceAccount which has access to create resources in the Kubernetes cluster</documentation>
        <attachedAsParameterToStep>createAndAttachCredential</attachedAsParameterToStep>
    </formElement>
    <formElement>
        <type>select</type>
        <label>Log Level:</label>
        <property>logLevel</property>
        <value>2</value>
        <option>
            <name>Debug</name>
            <value>1</value>
        </option>
        <option>
            <name>Info</name>
            <value>2</value>
        </option>
        <option>
            <name>Warning</name>
            <value>3</value>
        </option>
        <option>
            <name>Error</name>
            <value>4</value>
        </option>
        <documentation>Log level to use for logging output. Error=4, Warning=3, Info=2, Debug=1.</documentation>
        <required>0</required>
    </formElement>
</editor>
