<!--

     Copyright 2016 Electric Cloud, Inc.

     Licensed under the Apache License, Version 2.0 (the "License");
     you may not use this file except in compliance with the License.
     You may obtain a copy of the License at

         http://www.apache.org/licenses/LICENSE-2.0

     Unless required by applicable law or agreed to in writing, software
     distributed under the License is distributed on an "AS IS" BASIS,
     WITHOUT WARRANTIES OR CONDITIONS OF ANY KIND, either express or implied.
     See the License for the specific language governing permissions and
     limitations under the License.

-->
<editor>
    <formElement>
        <type>entry</type>
        <label>Configuration:</label>
        <property>config</property>
        <required>1</required>
        <documentation>The name of an existing configuration which holds all the connection information for the Kubernetes cluster.</documentation>
    </formElement> 
    <formElement>
        <type>entry</type>
        <label>Container Cluster Name:</label>
        <property>clusterName</property>
        <required>1</required>
        <documentation>The name of the cluster that needs to be provisioned.</documentation>
    </formElement>
    <formElement>
        <type>entry</type>
        <label>Project ID:</label>
        <property>clusterProjectID</property>
        <required>1</required>
        <documentation>The Project ID to which cluster belongs to. If the cluster does not exist in the project identified by the Project ID, then it will be created in this project.</documentation>
    </formElement>
</editor>
